Timestamp,Model,Total Time (s),Prompt Speed (t/s),Gen Speed (t/s),Free RAM Start (MB),RAM Used (MB),CPU Peak (%),Question,Answer
2026-05-11 18:37:52,LFM2.5-1.2B-Base-F16.gguf,20,24.3,5.3,2741.75,2284.64,264,"### Instruction:
Explain briefly what artificial intelligence is. 
Answer directly and concisely. Do not use Thinking Process, reasoning steps, analysis, or lists. 
Give only the final answer without any explanation of your thinking.

### Response:","Artificial Intelligence (AI) refers to computer systems that can perform tasks typically requiring human intelligence, such as learning, problem-solving, and decision-making."
2026-05-11 18:38:48,LFM2.5-1.2B-Base-Q3_K_M.gguf,13,19.5,11.7,3083.36,890.64,472,"### Instruction:
Explain briefly what artificial intelligence is. 
Answer directly and concisely. Do not use Thinking Process, reasoning steps, analysis, or lists. 
Give only the final answer without any explanation of your thinking.

### Response:","Artificial Intelligence (AI) refers to the simulation of human intelligence in machines that are programmed to think and learn like humans. It involves developing computer systems capable of performing tasks that typically require human intelligence, such as visual perception, speech recognition, decision-making, and language translation. AI aims to create intelligent machines that can understand, reason, and learn from experience, ultimately enabling them to perform complex tasks with minimal human intervention."
2026-05-11 18:39:39,LFM2.5-1.2B-Base-Q4_K_M.gguf,8,45.2,13.5,3229.13,1433.05,322,"### Instruction:
Explain briefly what artificial intelligence is. 
Answer directly and concisely. Do not use Thinking Process, reasoning steps, analysis, or lists. 
Give only the final answer without any explanation of your thinking.

### Response:","Artificial Intelligence (AI) refers to computer systems that can perform tasks requiring human-like intelligence such as learning, problem-solving, and decision-making."
2026-05-11 18:40:13,LFM2.5-1.2B-Base-Q5_K_M.gguf,9,36.6,10.8,3350.02,1645.39,343,"### Instruction:
Explain briefly what artificial intelligence is. 
Answer directly and concisely. Do not use Thinking Process, reasoning steps, analysis, or lists. 
Give only the final answer without any explanation of your thinking.

### Response:","Artificial Intelligence is a technology that enables computers to perform tasks that typically require human intelligence, such as learning from data, recognizing patterns, and making decisions based on that information."
2026-05-11 18:41:05,Qwen3.5-2B-F16.gguf,209,n25.0,1.6,3249.32,3732.91,401,"### Instruction:
Explain briefly what artificial intelligence is. 
Answer directly and concisely. Do not use Thinking Process, reasoning steps, analysis, or lists. 
Give only the final answer without any explanation of your thinking.

### Response:","Artificial intelligence refers to the ability of a machine or system to perform tasks that usually require human intelligence such as learning, reasoning, and problem-solving."
2026-05-11 19:00:22,LFM2.5-1.2B-Base-F16.gguf,14,38.3,5.7,2875.14,2313.28,306,"### Instruction:
Explain briefly what artificial intelligence is. 
Answer directly and concisely. Do not use Thinking Process, reasoning steps, analysis, or lists. 
Give only the final answer without any explanation of your thinking.

### Response:","Artificial Intelligence (AI) refers to computer systems that can perform tasks requiring human-like intelligence, such as learning, problem-solving, and decision-making."
2026-05-11 19:02:04,LFM2.5-1.2B-Base-Q3_K_M.gguf,13,19.6,10.1,3249.80,922.86,455,"### Instruction:
Explain briefly what artificial intelligence is. 
Answer directly and concisely. Do not use Thinking Process, reasoning steps, analysis, or lists. 
Give only the final answer without any explanation of your thinking.

### Response:","Artificial Intelligence (AI) refers to the simulation of human intelligence processes by machines, particularly computer systems. These processes include learning, reasoning, problem-solving, perception, and language understanding. AI aims to create intelligent machines that can perform tasks that typically require human intelligence, such as visual perception, speech recognition, decision-making, and language translation"
2026-05-11 19:02:50,LFM2.5-1.2B-Base-Q4_K_M.gguf,7,45.5,14.0,3174.66,1464.53,274,"### Instruction:
Explain briefly what artificial intelligence is. 
Answer directly and concisely. Do not use Thinking Process, reasoning steps, analysis, or lists. 
Give only the final answer without any explanation of your thinking.

### Response:","Artificial Intelligence (AI) refers to machines that can perform tasks requiring human-like intelligence such as learning, problem-solving, and decision-making."
2026-05-11 19:03:37,LFM2.5-1.2B-Base-Q5_K_M.gguf,10,33.7,9.8,3223.10,1674.77,325,"### Instruction:
Explain briefly what artificial intelligence is. 
Answer directly and concisely. Do not use Thinking Process, reasoning steps, analysis, or lists. 
Give only the final answer without any explanation of your thinking.

### Response:","Artificial Intelligence refers to computer systems capable of performing tasks that typically require human intelligence, such as learning, problem-solving, and decision-making"
2026-05-11 19:04:31,Qwen3.5-2B-F16.gguf,393,22.2,2.0,3409.66,3750.69,479,"### Instruction:
Explain briefly what artificial intelligence is. 
Answer directly and concisely. Do not use Thinking Process, reasoning steps, analysis, or lists. 
Give only the final answer without any explanation of your thinking.

### Response:","Artificial intelligence (AI) is a branch of computer science focused on creating machines capable of performing tasks that typically require human intelligence, including learning, reasoning, and decision-making"
2026-05-11 19:12:03,Qwen3.5-2B-Q3_K_M.gguf,87,13.6,4.6,3848.76,1897.99,523,"### Instruction:
Explain briefly what artificial intelligence is. 
Answer directly and concisely. Do not use Thinking Process, reasoning steps, analysis, or lists. 
Give only the final answer without any explanation of your thinking.

### Response:","Artificial Intelligence (AI) is a subset of computer science dedicated to creating systems that simulate human cognitive abilities such as reasoning, learning, and problem-solving. These technologies enable machines to perform tasks typically associated with intelligent behavior in natural environments using various methods like rule-based programming or machine learning algorithms designed for data-driven decision-making."
2026-05-11 19:14:06,Qwen3.5-2B-Q4_K_M.gguf,343,29.6,4.7,3620.37,2563.34,526,"### Instruction:
Explain briefly what artificial intelligence is. 
Answer directly and concisely. Do not use Thinking Process, reasoning steps, analysis, or lists. 
Give only the final answer without any explanation of your thinking.

### Response:","Artificial intelligence (AI) refers to the simulation of human-level cognitive functions in machines, enabling them to learn, reason, perceive, and understand information or perform tasks typically associated with human intelligence."
2026-05-11 19:20:20,Qwen3.5-2B-Q5_K_M.gguf,154,22.3,4.9,3335.02,2856.58,489,"### Instruction:
Explain briefly what artificial intelligence is. 
Answer directly and concisely. Do not use Thinking Process, reasoning steps, analysis, or lists. 
Give only the final answer without any explanation of your thinking.

### Response:","Artificial intelligence is a branch of computer science that enables machines to simulate human cognitive functions such as learning, reasoning, problem-solving, and perception."
2026-05-11 19:26:30,LFM2.5-1.2B-Base-F16.gguf,14,37.8,5.7,3024.59,2312.50,307,"### Instruction:
Explain briefly what artificial intelligence is. 
Answer directly and concisely. Do not use Thinking Process, reasoning steps, analysis, or lists. 
Give only the final answer without any explanation of your thinking.

### Response:","Artificial Intelligence (AI) refers to computer systems that can perform tasks requiring human-like intelligence, such as learning, problem-solving, and decision-making."
2026-05-11 19:27:09,LFM2.5-1.2B-Base-Q3_K_M.gguf,17,15.7,11.4,3276.30,922.41,465,"### Instruction:
Explain briefly what artificial intelligence is. 
Answer directly and concisely. Do not use Thinking Process, reasoning steps, analysis, or lists. 
Give only the final answer without any explanation of your thinking.

### Response:","Artificial Intelligence (AI) refers to the simulation of human intelligence processes by machines, especially computer systems. It involves developing algorithms and models that enable computers to perform tasks that typically require human intelligence, such as learning, reasoning, problem-solving, perception, and language understanding. AI is used in various applications like speech recognition, image processing, natural language processing, expert systems, robotics, autonomous vehicles, recommendation systems, and more. The goal of AI is to create intelligent machines that can operate independently and make decisions based on data analysis, without being explicitly programmed for each specific task."
2026-05-11 19:28:13,LFM2.5-1.2B-Base-Q4_K_M.gguf,7,40.3,13.5,2972.35,1461.34,302,"### Instruction:
Explain briefly what artificial intelligence is. 
Answer directly and concisely. Do not use Thinking Process, reasoning steps, analysis, or lists. 
Give only the final answer without any explanation of your thinking.

### Response:","Artificial intelligence refers to systems that can perform tasks requiring human-like intelligence, such as learning from data, recognizing patterns, and making decisions."
2026-05-11 19:28:46,LFM2.5-1.2B-Base-Q5_K_M.gguf,13,35.7,11.3,3259.23,1675.67,404,"### Instruction:
Explain briefly what artificial intelligence is. 
Answer directly and concisely. Do not use Thinking Process, reasoning steps, analysis, or lists. 
Give only the final answer without any explanation of your thinking.

### Response:","Artificial intelligence (AI) refers to the simulation of human intelligence in machines that are programmed to think and learn like humans. It involves creating computer systems capable of performing tasks that typically require human intelligence, such as understanding natural language, recognizing patterns, making decisions, and solving problems. AI is used in various applications, including virtual assistants, recommendation systems, autonomous vehicles, medical diagnosis, and more."
2026-05-11 19:29:22,Qwen3.5-2B-F16.gguf,329,20.9,2.0,3489.20,3749.16,411,"### Instruction:
Explain briefly what artificial intelligence is. 
Answer directly and concisely. Do not use Thinking Process, reasoning steps, analysis, or lists. 
Give only the final answer without any explanation of your thinking.

### Response:","Artificial intelligence is a branch of computer science that enables machines to simulate human intelligence processes, allowing them to learn, reason, solve problems, and make decisions."
2026-05-11 19:35:21,Qwen3.5-2B-Q3_K_M.gguf,287,15.5,3.9,3969.68,1897.95,527,"### Instruction:
Explain briefly what artificial intelligence is. 
Answer directly and concisely. Do not use Thinking Process, reasoning steps, analysis, or lists. 
Give only the final answer without any explanation of your thinking.

### Response:","Artificial intelligence (AI) is a branch of computer science focused on developing systems capable of performing tasks that typically require human cognition or decision-making capabilities. It encompasses technologies like machine learning, natural language processing, and robotics designed to simulate thinking, perception, and self-correction through data analysis."
2026-05-11 19:40:37,Qwen3.5-2B-Q4_K_M.gguf,251,24.4,5.2,3386.88,2562.42,475,"### Instruction:
Explain briefly what artificial intelligence is. 
Answer directly and concisely. Do not use Thinking Process, reasoning steps, analysis, or lists. 
Give only the final answer without any explanation of your thinking.

### Response:","Artificial intelligence (AI) refers to the ability of machines to simulate human cognitive functions such as learning, reasoning, problem-solving, perception, and language understanding."
2026-05-11 19:45:59,Qwen3.5-2B-Q5_K_M.gguf,208,22.8,4.3,3296.65,2856.00,529,"### Instruction:
Explain briefly what artificial intelligence is. 
Answer directly and concisely. Do not use Thinking Process, reasoning steps, analysis, or lists. 
Give only the final answer without any explanation of your thinking.

### Response:","Artificial intelligence is a branch of computer science that enables machines to perform tasks typically requiring human intelligence, such as learning, reasoning, problem-solving, and perception."
